"DateTime","Players"
2013-10-01 01:00:00,2195
2013-10-02 01:00:00,NA
2013-10-03 01:00:00,NA
2013-10-04 01:00:00,NA
2013-10-05 01:00:00,NA
2013-10-06 01:00:00,NA
2013-10-07 01:00:00,NA
2013-10-08 01:00:00,NA
2013-10-09 01:00:00,NA
2013-10-10 01:00:00,NA
2013-10-11 01:00:00,NA
2013-10-12 01:00:00,NA
2013-10-13 01:00:00,NA
2013-10-14 01:00:00,NA
2013-10-15 01:00:00,NA
2013-10-16 01:00:00,NA
2013-10-17 01:00:00,NA
2013-10-18 01:00:00,NA
2013-10-19 01:00:00,NA
2013-10-20 01:00:00,NA
2013-10-21 01:00:00,NA
2013-10-22 01:00:00,NA
2013-10-23 01:00:00,NA
2013-10-24 01:00:00,NA
2013-10-25 01:00:00,NA
2013-10-26 01:00:00,NA
2013-10-27 01:00:00,NA
2013-10-28 00:00:00,NA
2013-10-29 00:00:00,NA
2013-10-30 00:00:00,1971
2013-10-31 00:00:00,4422
2013-11-01 00:00:00,10869
2013-11-02 00:00:00,10922
2013-11-03 00:00:00,10485
2013-11-04 00:00:00,7587
2013-11-05 00:00:00,6595
2013-11-06 00:00:00,5988
2013-11-07 00:00:00,6623
2013-11-08 00:00:00,8626
2013-11-09 00:00:00,8226
2013-11-10 00:00:00,7809
2013-11-11 00:00:00,6199
2013-11-12 00:00:00,4776
2013-11-13 00:00:00,4177
2013-11-14 00:00:00,5720
2013-11-15 00:00:00,6727
2013-11-16 00:00:00,6675
2013-11-17 00:00:00,5880
2013-11-18 00:00:00,3754
2013-11-19 00:00:00,3723
2013-11-20 00:00:00,3385
2013-11-21 00:00:00,3917
2013-11-22 00:00:00,5094
2013-11-23 00:00:00,4721
2013-11-24 00:00:00,4208
2013-11-25 00:00:00,3175
2013-11-26 00:00:00,3417
2013-11-27 00:00:00,3445
2013-11-28 00:00:00,4473
2013-11-29 00:00:00,5255
2013-11-30 00:00:00,4963
2013-12-01 00:00:00,5389
2013-12-02 00:00:00,3400
2013-12-03 00:00:00,3465
2013-12-04 00:00:00,3394
2013-12-05 00:00:00,4074
2013-12-06 00:00:00,5407
2013-12-07 00:00:00,5306
2013-12-08 00:00:00,4439
2013-12-09 00:00:00,3691
2013-12-10 00:00:00,3530
2013-12-11 00:00:00,3373
2013-12-12 00:00:00,4258
2013-12-13 00:00:00,5034
2013-12-14 00:00:00,4620
2013-12-15 00:00:00,4161
2013-12-16 00:00:00,3354
2013-12-17 00:00:00,3502
2013-12-18 00:00:00,3627
2013-12-19 00:00:00,4146
2013-12-20 00:00:00,4620
2013-12-21 00:00:00,4054
2013-12-22 00:00:00,4543
2013-12-23 00:00:00,4272
2013-12-24 00:00:00,3456
2013-12-25 00:00:00,3153
2013-12-26 00:00:00,3705
2013-12-27 00:00:00,3696
2013-12-28 00:00:00,4093
2013-12-29 00:00:00,4109
2013-12-30 00:00:00,4086
2013-12-31 00:00:00,3808
2014-01-01 00:00:00,4120
2014-01-02 00:00:00,3828
2014-01-03 00:00:00,4165
2014-01-04 00:00:00,4051
2014-01-05 00:00:00,3726
2014-01-06 00:00:00,3357
2014-01-07 00:00:00,3083
2014-01-08 00:00:00,3028
2014-01-09 00:00:00,3343
2014-01-10 00:00:00,3955
2014-01-11 00:00:00,3695
2014-01-12 00:00:00,3286
2014-01-13 00:00:00,2753
2014-01-14 00:00:00,2759
2014-01-15 00:00:00,2752
2014-01-16 00:00:00,2943
2014-01-17 00:00:00,3809
2014-01-18 00:00:00,3646
2014-01-19 00:00:00,3389
2014-01-20 00:00:00,3136
2014-01-21 00:00:00,2989
2014-01-22 00:00:00,2788
2014-01-23 00:00:00,3206
2014-01-24 00:00:00,3810
2014-01-25 00:00:00,3752
2014-01-26 00:00:00,3079
2014-01-27 00:00:00,1483
2014-01-28 00:00:00,2891
2014-01-29 00:00:00,2977
2014-01-30 00:00:00,3082
2014-01-31 00:00:00,3739
2014-02-01 00:00:00,3685
2014-02-02 00:00:00,3052
2014-02-03 00:00:00,2508
2014-02-04 00:00:00,2640
2014-02-05 00:00:00,2445
2014-02-06 00:00:00,2586
2014-02-07 00:00:00,3188
2014-02-08 00:00:00,3034
2014-02-09 00:00:00,2461
2014-02-10 00:00:00,2184
2014-02-11 00:00:00,2195
2014-02-12 00:00:00,2303
2014-02-13 00:00:00,1995
2014-02-14 00:00:00,3149
2014-02-15 00:00:00,2898
2014-02-16 00:00:00,2560
2014-02-17 00:00:00,2279
2014-02-18 00:00:00,2148
2014-02-19 00:00:00,1779
2014-02-20 00:00:00,2664
2014-02-21 00:00:00,3106
2014-02-22 00:00:00,3019
2014-02-23 00:00:00,2542
2014-02-24 00:00:00,2098
2014-02-25 00:00:00,2094
2014-02-26 00:00:00,2117
2014-02-27 00:00:00,2292
2014-02-28 00:00:00,2995
2014-03-01 00:00:00,2977
2014-03-02 00:00:00,2427
2014-03-03 00:00:00,2213
2014-03-04 00:00:00,2096
2014-03-05 00:00:00,2041
2014-03-06 00:00:00,2453
2014-03-07 00:00:00,2998
2014-03-08 00:00:00,2895
2014-03-09 00:00:00,2458
2014-03-10 00:00:00,1991
2014-03-11 00:00:00,2096
2014-03-12 00:00:00,1886
2014-03-13 00:00:00,2295
2014-03-14 00:00:00,2951
2014-03-15 00:00:00,2807
2014-03-16 00:00:00,2183
2014-03-17 00:00:00,1798
2014-03-18 00:00:00,1912
2014-03-19 00:00:00,1851
2014-03-20 00:00:00,1810
2014-03-21 00:00:00,2660
2014-03-22 00:00:00,2789
2014-03-23 00:00:00,2071
2014-03-24 00:00:00,1703
2014-03-25 00:00:00,2093
2014-03-26 00:00:00,1861
2014-03-27 00:00:00,2236
2014-03-28 00:00:00,2790
2014-03-29 00:00:00,2784
2014-03-30 00:00:00,2011
2014-03-31 01:00:00,1842
2014-04-01 01:00:00,2736
2014-04-02 01:00:00,1763
2014-04-03 01:00:00,2028
2014-04-04 01:00:00,2793
2014-04-05 01:00:00,2660
2014-04-06 01:00:00,1852
2014-04-07 01:00:00,1886
2014-04-08 01:00:00,1969
2014-04-09 01:00:00,1932
2014-04-10 01:00:00,2216
2014-04-11 01:00:00,2770
2014-04-12 01:00:00,2606
2014-04-13 01:00:00,2115
2014-04-14 01:00:00,2108
2014-04-15 01:00:00,2095
2014-04-16 01:00:00,2169
2014-04-17 01:00:00,2636
2014-04-18 01:00:00,2755
2014-04-19 01:00:00,2401
2014-04-20 01:00:00,2357
2014-04-21 01:00:00,1956
2014-04-22 01:00:00,1970
2014-04-23 01:00:00,1873
2014-04-24 01:00:00,1985
2014-04-25 01:00:00,2405
2014-04-26 01:00:00,2305
2014-04-27 01:00:00,1714
2014-04-28 01:00:00,1720
2014-04-29 01:00:00,1883
2014-04-30 01:00:00,2098
2014-05-01 01:00:00,2359
2014-05-02 01:00:00,2425
2014-05-03 01:00:00,2362
2014-05-04 01:00:00,1751
2014-05-05 01:00:00,1663
2014-05-06 01:00:00,1668
2014-05-07 01:00:00,1703
2014-05-08 01:00:00,1912
2014-05-09 01:00:00,2381
2014-05-10 01:00:00,2291
2014-05-11 01:00:00,1586
2014-05-12 01:00:00,1573
2014-05-13 01:00:00,1553
2014-05-14 01:00:00,1284
2014-05-15 01:00:00,1688
2014-05-16 01:00:00,2122
2014-05-17 01:00:00,1992
2014-05-18 01:00:00,1518
2014-05-19 01:00:00,1482
2014-05-20 01:00:00,1434
2014-05-21 01:00:00,1515
2014-05-22 01:00:00,1820
2014-05-23 01:00:00,2244
2014-05-24 01:00:00,2091
2014-05-25 01:00:00,1862
2014-05-26 01:00:00,1591
2014-05-27 01:00:00,1682
2014-05-28 01:00:00,1706
2014-05-29 01:00:00,1696
2014-05-30 01:00:00,2006
2014-05-31 01:00:00,1944
2014-06-01 01:00:00,2074
2014-06-02 01:00:00,1521
2014-06-03 01:00:00,1550
2014-06-04 01:00:00,1545
2014-06-05 01:00:00,1683
2014-06-06 01:00:00,1936
2014-06-07 01:00:00,1908
2014-06-08 01:00:00,1744
2014-06-09 01:00:00,1605
2014-06-10 01:00:00,1619
2014-06-11 01:00:00,1720
2014-06-12 01:00:00,1842
2014-06-13 01:00:00,1986
2014-06-14 01:00:00,2107
2014-06-15 01:00:00,1703
2014-06-16 01:00:00,1791
2014-06-17 01:00:00,1797
2014-06-18 01:00:00,1680
2014-06-19 01:00:00,1887
2014-06-20 01:00:00,1935
2014-06-21 01:00:00,1933
2014-06-22 01:00:00,1806
2014-06-23 01:00:00,1677
2014-06-24 01:00:00,1797
2014-06-25 01:00:00,1751
2014-06-26 01:00:00,1820
2014-06-27 01:00:00,1559
2014-06-28 01:00:00,NA
2014-06-29 01:00:00,1711
2014-06-30 01:00:00,1686
2014-07-01 01:00:00,1812
2014-07-02 01:00:00,1641
2014-07-03 01:00:00,1740
2014-07-04 01:00:00,1644
2014-07-05 01:00:00,1664
2014-07-06 01:00:00,1644
2014-07-07 01:00:00,1605
2014-07-08 01:00:00,1643
2014-07-09 01:00:00,1691
2014-07-10 01:00:00,1668
2014-07-11 01:00:00,1438
2014-07-12 01:00:00,1263
2014-07-13 01:00:00,1818
2014-07-14 01:00:00,1796
2014-07-15 01:00:00,1683
2014-07-16 01:00:00,1646
2014-07-17 01:00:00,1666
2014-07-18 01:00:00,1665
2014-07-19 01:00:00,1633
2014-07-20 01:00:00,1691
2014-07-21 01:00:00,1664
2014-07-22 01:00:00,1595
2014-07-23 01:00:00,1505
2014-07-24 01:00:00,1564
2014-07-25 01:00:00,1649
2014-07-26 01:00:00,1669
2014-07-27 01:00:00,1684
2014-07-28 01:00:00,1738
2014-07-29 01:00:00,1698
2014-07-30 01:00:00,1428
2014-07-31 01:00:00,1677
2014-08-01 01:00:00,2200
2014-08-02 01:00:00,1613
2014-08-03 01:00:00,1578
2014-08-04 01:00:00,1594
2014-08-05 01:00:00,1273
2014-08-06 01:00:00,1557
2014-08-07 01:00:00,1522
2014-08-08 01:00:00,1578
2014-08-09 01:00:00,1560
2014-08-10 01:00:00,NA
2014-08-11 01:00:00,1612
2014-08-12 01:00:00,1624
2014-08-13 01:00:00,1517
2014-08-14 01:00:00,1588
2014-08-15 01:00:00,1863
2014-08-16 01:00:00,1968
2014-08-17 01:00:00,1953
2014-08-18 01:00:00,1685
2014-08-19 01:00:00,1579
2014-08-20 01:00:00,1856
2014-08-21 01:00:00,2089
2014-08-22 01:00:00,2188
2014-08-23 01:00:00,2276
2014-08-24 01:00:00,2011
2014-08-25 01:00:00,1899
2014-08-26 01:00:00,1927
2014-08-27 01:00:00,1855
2014-08-28 01:00:00,1929
2014-08-29 01:00:00,2113
2014-08-30 01:00:00,1963
2014-08-31 01:00:00,1948
2014-09-01 01:00:00,2006
2014-09-02 01:00:00,1423
2014-09-03 01:00:00,1420
2014-09-04 01:00:00,1532
2014-09-05 01:00:00,2057
2014-09-06 01:00:00,1911
2014-09-07 01:00:00,1383
2014-09-08 01:00:00,1274
2014-09-09 01:00:00,1317
2014-09-10 01:00:00,1272
2014-09-11 01:00:00,1434
2014-09-12 01:00:00,1965
2014-09-13 01:00:00,1803
2014-09-14 01:00:00,1221
2014-09-15 01:00:00,1138
2014-09-16 01:00:00,1168
2014-09-17 01:00:00,981
2014-09-18 01:00:00,1295
2014-09-19 01:00:00,1697
2014-09-20 01:00:00,1458
2014-09-21 01:00:00,1073
2014-09-22 01:00:00,NA
2014-09-23 01:00:00,1221
2014-09-24 01:00:00,NA
2014-09-25 01:00:00,NA
2014-09-26 01:00:00,1950
2014-09-27 01:00:00,2038
2014-09-28 01:00:00,1247
2014-09-29 01:00:00,1343
2014-09-30 01:00:00,1325
2014-10-01 01:00:00,2123
2014-10-02 01:00:00,1730
2014-10-03 01:00:00,2138
2014-10-04 01:00:00,2176
2014-10-05 01:00:00,1520
2014-10-06 01:00:00,1367
2014-10-07 01:00:00,1332
2014-10-08 01:00:00,1268
2014-10-09 01:00:00,1536
2014-10-10 01:00:00,2067
2014-10-11 01:00:00,2038
2014-10-12 01:00:00,1669
2014-10-13 01:00:00,1367
2014-10-14 01:00:00,1402
2014-10-15 01:00:00,1319
2014-10-16 01:00:00,1385
2014-10-17 01:00:00,1834
2014-10-18 01:00:00,1623
2014-10-19 01:00:00,1346
2014-10-20 01:00:00,1329
2014-10-21 01:00:00,1412
2014-10-22 01:00:00,1374
2014-10-23 01:00:00,1583
2014-10-24 01:00:00,2014
2014-10-25 01:00:00,1984
2014-10-26 01:00:00,1420
2014-10-27 00:00:00,1378
2014-10-28 00:00:00,1497
2014-10-29 00:00:00,1348
2014-10-30 00:00:00,2007
2014-10-31 00:00:00,2782
2014-11-01 00:00:00,3038
2014-11-02 00:00:00,2510
2014-11-03 00:00:00,1895
2014-11-04 00:00:00,1712
2014-11-05 00:00:00,1637
2014-11-06 00:00:00,2018
2014-11-07 00:00:00,2576
2014-11-08 00:00:00,2387
2014-11-09 00:00:00,2134
2014-11-10 00:00:00,1786
2014-11-11 00:00:00,1506
2014-11-12 00:00:00,1322
2014-11-13 00:00:00,1634
2014-11-14 00:00:00,2263
2014-11-15 00:00:00,2202
2014-11-16 00:00:00,1991
2014-11-17 00:00:00,1371
2014-11-18 00:00:00,1402
2014-11-19 00:00:00,1249
2014-11-20 00:00:00,1566
2014-11-21 00:00:00,1600
2014-11-22 00:00:00,2015
2014-11-23 00:00:00,1448
2014-11-24 00:00:00,1440
2014-11-25 00:00:00,1528
2014-11-26 00:00:00,1460
2014-11-27 00:00:00,1684
2014-11-28 00:00:00,1549
2014-11-29 00:00:00,1353
2014-11-30 00:00:00,NA
2014-12-01 00:00:00,2003
2014-12-02 00:00:00,NA
2014-12-03 00:00:00,NA
2014-12-04 00:00:00,1340
2014-12-05 00:00:00,NA
2014-12-06 00:00:00,1561
2014-12-07 00:00:00,NA
2014-12-08 00:00:00,1155
2014-12-09 00:00:00,1245
2014-12-10 00:00:00,1313
2014-12-11 00:00:00,1505
2014-12-12 00:00:00,1918
2014-12-13 00:00:00,2036
2014-12-14 00:00:00,1349
2014-12-15 00:00:00,1190
2014-12-16 00:00:00,1384
2014-12-17 00:00:00,1250
2014-12-18 00:00:00,1534
2014-12-19 00:00:00,NA
2014-12-20 00:00:00,NA
2014-12-21 00:00:00,NA
2014-12-22 00:00:00,NA
2014-12-23 00:00:00,NA
2014-12-24 00:00:00,NA
2014-12-25 00:00:00,NA
2014-12-26 00:00:00,NA
2014-12-27 00:00:00,NA
2014-12-28 00:00:00,NA
2014-12-29 00:00:00,NA
2014-12-30 00:00:00,NA
2014-12-31 00:00:00,NA
2015-01-01 00:00:00,2393
2015-01-02 00:00:00,NA
2015-01-03 00:00:00,NA
2015-01-04 00:00:00,NA
2015-01-05 00:00:00,NA
2015-01-06 00:00:00,NA
2015-01-07 00:00:00,1368
2015-01-08 00:00:00,1763
2015-01-09 00:00:00,1408
2015-01-10 00:00:00,1333
2015-01-11 00:00:00,1211
2015-01-12 00:00:00,1187
2015-01-13 00:00:00,NA
2015-01-14 00:00:00,1289
2015-01-15 00:00:00,1374
2015-01-16 00:00:00,2024
2015-01-17 00:00:00,2056
2015-01-18 00:00:00,1706
2015-01-19 00:00:00,1698
2015-01-20 00:00:00,1625
2015-01-21 00:00:00,1649
2015-01-22 00:00:00,1859
2015-01-23 00:00:00,2436
2015-01-24 00:00:00,2348
2015-01-25 00:00:00,1841
2015-01-26 00:00:00,1505
2015-01-27 00:00:00,1505
2015-01-28 00:00:00,1842
2015-01-29 00:00:00,1924
2015-01-30 00:00:00,2427
2015-01-31 00:00:00,2417
2015-02-01 00:00:00,2435
2015-02-02 00:00:00,1763
2015-02-03 00:00:00,1668
2015-02-04 00:00:00,1818
2015-02-05 00:00:00,1651
2015-02-06 00:00:00,NA
2015-02-07 00:00:00,NA
2015-02-08 00:00:00,NA
2015-02-09 00:00:00,NA
2015-02-10 00:00:00,884
2015-02-11 00:00:00,884
2015-02-12 00:00:00,884
2015-02-13 00:00:00,2427
2015-02-14 00:00:00,2313
2015-02-15 00:00:00,2025
2015-02-16 00:00:00,NA
2015-02-17 00:00:00,NA
2015-02-18 00:00:00,1932
2015-02-19 00:00:00,1981
2015-02-20 00:00:00,2322
2015-02-21 00:00:00,2373
2015-02-22 00:00:00,1711
2015-02-23 00:00:00,1688
2015-02-24 00:00:00,NA
2015-02-25 00:00:00,NA
2015-02-26 00:00:00,NA
2015-02-27 00:00:00,NA
2015-02-28 00:00:00,NA
2015-03-01 00:00:00,2336
2015-03-02 00:00:00,NA
2015-03-03 00:00:00,NA
2015-03-04 00:00:00,NA
2015-03-05 00:00:00,NA
2015-03-06 00:00:00,NA
2015-03-07 00:00:00,NA
2015-03-08 00:00:00,NA
2015-03-09 00:00:00,NA
2015-03-10 00:00:00,NA
2015-03-11 00:00:00,NA
2015-03-12 00:00:00,NA
2015-03-13 00:00:00,NA
2015-03-14 00:00:00,NA
2015-03-15 00:00:00,NA
2015-03-16 00:00:00,NA
2015-03-17 00:00:00,NA
2015-03-18 00:00:00,NA
2015-03-19 00:00:00,NA
2015-03-20 00:00:00,NA
2015-03-21 00:00:00,NA
2015-03-22 00:00:00,NA
2015-03-23 00:00:00,NA
2015-03-24 00:00:00,NA
2015-03-25 00:00:00,NA
2015-03-26 00:00:00,NA
2015-03-27 00:00:00,NA
2015-03-28 00:00:00,NA
2015-03-29 00:00:00,NA
2015-03-30 01:00:00,NA
2015-03-31 01:00:00,NA
2015-04-01 01:00:00,1907
2015-04-02 01:00:00,NA
2015-04-03 01:00:00,NA
2015-04-04 01:00:00,NA
2015-04-05 01:00:00,NA
2015-04-06 01:00:00,NA
2015-04-07 01:00:00,NA
2015-04-08 01:00:00,NA
2015-04-09 01:00:00,NA
2015-04-10 01:00:00,NA
2015-04-11 01:00:00,NA
2015-04-12 01:00:00,NA
2015-04-13 01:00:00,NA
2015-04-14 01:00:00,NA
2015-04-15 01:00:00,NA
2015-04-16 01:00:00,NA
2015-04-17 01:00:00,NA
2015-04-18 01:00:00,NA
2015-04-19 01:00:00,1746
2015-04-20 01:00:00,1278
2015-04-21 01:00:00,1249
2015-04-22 01:00:00,1267
2015-04-23 01:00:00,1209
2015-04-24 01:00:00,1337
2015-04-25 01:00:00,1767
2015-04-26 01:00:00,1758
2015-04-27 01:00:00,1277
2015-04-28 01:00:00,1232
2015-04-29 01:00:00,1205
2015-04-30 01:00:00,1301
2015-05-01 01:00:00,1490
2015-05-02 01:00:00,1778
2015-05-03 01:00:00,1755
2015-05-04 01:00:00,1302
2015-05-05 01:00:00,1211
2015-05-06 01:00:00,1143
2015-05-07 01:00:00,1152
2015-05-08 01:00:00,1387
2015-05-09 01:00:00,1693
2015-05-10 01:00:00,1659
2015-05-11 01:00:00,1172
2015-05-12 01:00:00,1149
2015-05-13 01:00:00,1143
2015-05-14 01:00:00,1224
2015-05-15 01:00:00,1439
2015-05-16 01:00:00,1853
2015-05-17 01:00:00,1821
2015-05-18 01:00:00,1285
2015-05-19 01:00:00,1215
2015-05-20 01:00:00,1091
2015-05-21 01:00:00,1195
2015-05-22 01:00:00,1373
2015-05-23 01:00:00,1754
2015-05-24 01:00:00,1758
2015-05-25 01:00:00,1544
2015-05-26 01:00:00,1289
2015-05-27 01:00:00,1234
2015-05-28 01:00:00,1316
2015-05-29 01:00:00,1442
2015-05-30 01:00:00,1724
2015-05-31 01:00:00,1777
2015-06-01 01:00:00,1355
2015-06-02 01:00:00,1317
2015-06-03 01:00:00,1266
2015-06-04 01:00:00,1347
2015-06-05 01:00:00,1476
2015-06-06 01:00:00,1694
2015-06-07 01:00:00,1681
2015-06-08 01:00:00,1415
2015-06-09 01:00:00,1420
2015-06-10 01:00:00,1358
2015-06-11 01:00:00,1326
2015-06-12 01:00:00,1352
2015-06-13 01:00:00,1492
2015-06-14 01:00:00,1410
2015-06-15 01:00:00,1243
2015-06-16 01:00:00,1260
2015-06-17 01:00:00,1211
2015-06-18 01:00:00,1194
2015-06-19 01:00:00,1231
2015-06-20 01:00:00,1409
2015-06-21 01:00:00,1370
2015-06-22 01:00:00,1220
2015-06-23 01:00:00,1359
2015-06-24 01:00:00,1342
2015-06-25 01:00:00,1271
2015-06-26 01:00:00,1408
2015-06-27 01:00:00,1508
2015-06-28 01:00:00,1539
2015-06-29 01:00:00,1478
2015-06-30 01:00:00,1523
2015-07-01 01:00:00,1441
2015-07-02 01:00:00,1473
2015-07-03 01:00:00,1502
2015-07-04 01:00:00,1523
2015-07-05 01:00:00,1632
2015-07-06 01:00:00,1564
2015-07-07 01:00:00,1528
2015-07-08 01:00:00,1620
2015-07-09 01:00:00,1603
2015-07-10 01:00:00,1525
2015-07-11 01:00:00,1426
2015-07-12 01:00:00,1521
2015-07-13 01:00:00,1533
2015-07-14 01:00:00,1496
2015-07-15 01:00:00,1472
2015-07-16 01:00:00,1531
2015-07-17 01:00:00,1504
2015-07-18 01:00:00,1461
2015-07-19 01:00:00,1505
2015-07-20 01:00:00,1540
2015-07-21 01:00:00,1557
2015-07-22 01:00:00,1617
2015-07-23 01:00:00,1596
2015-07-24 01:00:00,1593
2015-07-25 01:00:00,1495
2015-07-26 01:00:00,1527
2015-07-27 01:00:00,1646
2015-07-28 01:00:00,1619
2015-07-29 01:00:00,1577
2015-07-30 01:00:00,1598
2015-07-31 01:00:00,1590
2015-08-01 01:00:00,1570
2015-08-02 01:00:00,1554
2015-08-03 01:00:00,1562
2015-08-04 01:00:00,1588
2015-08-05 01:00:00,1508
2015-08-06 01:00:00,1561
2015-08-07 01:00:00,1612
2015-08-08 01:00:00,1587
2015-08-09 01:00:00,1594
2015-08-10 01:00:00,1624
2015-08-11 01:00:00,1624
2015-08-12 01:00:00,1603
2015-08-13 01:00:00,1546
2015-08-14 01:00:00,1586
2015-08-15 01:00:00,1691
2015-08-16 01:00:00,1750
2015-08-17 01:00:00,1679
2015-08-18 01:00:00,1631
2015-08-19 01:00:00,1708
2015-08-20 01:00:00,1657
2015-08-21 01:00:00,1633
2015-08-22 01:00:00,1681
2015-08-23 01:00:00,1655
2015-08-24 01:00:00,1706
2015-08-25 01:00:00,1682
2015-08-26 01:00:00,1578
2015-08-27 01:00:00,1635
2015-08-28 01:00:00,1550
2015-08-29 01:00:00,1763
2015-08-30 01:00:00,1698
2015-08-31 01:00:00,1456
2015-09-01 01:00:00,1322
2015-09-02 01:00:00,1162
2015-09-03 01:00:00,1171
2015-09-04 01:00:00,1340
2015-09-05 01:00:00,1623
2015-09-06 01:00:00,1563
2015-09-07 01:00:00,1371
2015-09-08 01:00:00,1081
2015-09-09 01:00:00,1077
2015-09-10 01:00:00,1055
2015-09-11 01:00:00,1218
2015-09-12 01:00:00,1505
2015-09-13 01:00:00,1517
2015-09-14 01:00:00,1138
2015-09-15 01:00:00,1031
2015-09-16 01:00:00,1060
2015-09-17 01:00:00,1076
2015-09-18 01:00:00,1106
2015-09-19 01:00:00,1476
2015-09-20 01:00:00,1406
2015-09-21 01:00:00,936
2015-09-22 01:00:00,951
2015-09-23 01:00:00,1024
2015-09-24 01:00:00,967
2015-09-25 01:00:00,1184
2015-09-26 01:00:00,1589
2015-09-27 01:00:00,1601
2015-09-28 01:00:00,1021
2015-09-29 01:00:00,948
2015-09-30 01:00:00,958
2015-10-01 01:00:00,910
2015-10-02 01:00:00,1139
2015-10-03 01:00:00,1496
2015-10-04 01:00:00,1538
2015-10-05 01:00:00,1025
2015-10-06 01:00:00,1029
2015-10-07 01:00:00,974
2015-10-08 01:00:00,993
2015-10-09 01:00:00,1106
2015-10-10 01:00:00,1502
2015-10-11 01:00:00,1464
2015-10-12 01:00:00,1207
2015-10-13 01:00:00,1016
2015-10-14 01:00:00,930
2015-10-15 01:00:00,975
2015-10-16 01:00:00,1180
2015-10-17 01:00:00,1482
2015-10-18 01:00:00,1401
2015-10-19 01:00:00,997
2015-10-20 01:00:00,1014
2015-10-21 01:00:00,981
2015-10-22 01:00:00,1003
2015-10-23 01:00:00,1208
2015-10-24 01:00:00,1572
2015-10-25 01:00:00,1454
2015-10-26 00:00:00,1106
2015-10-27 00:00:00,1064
2015-10-28 00:00:00,1095
2015-10-29 00:00:00,1102
2015-10-30 00:00:00,1274
2015-10-31 00:00:00,1531
2015-11-01 00:00:00,1564
2015-11-02 00:00:00,1141
2015-11-03 00:00:00,1083
2015-11-04 00:00:00,986
2015-11-05 00:00:00,990
2015-11-06 00:00:00,1198
2015-11-07 00:00:00,1698
2015-11-08 00:00:00,1639
2015-11-09 00:00:00,1068
2015-11-10 00:00:00,1013
2015-11-11 00:00:00,986
2015-11-12 00:00:00,906
2015-11-13 00:00:00,1126
2015-11-14 00:00:00,1554
2015-11-15 00:00:00,1474
2015-11-16 00:00:00,960
2015-11-17 00:00:00,939
2015-11-18 00:00:00,885
2015-11-19 00:00:00,942
2015-11-20 00:00:00,1153
2015-11-21 00:00:00,1607
2015-11-22 00:00:00,1616
2015-11-23 00:00:00,1039
2015-11-24 00:00:00,1052
2015-11-25 00:00:00,1077
2015-11-26 00:00:00,1023
2015-11-27 00:00:00,1263
2015-11-28 00:00:00,1481
2015-11-29 00:00:00,1368
2015-11-30 00:00:00,929
2015-12-01 00:00:00,880
2015-12-02 00:00:00,885
2015-12-03 00:00:00,909
2015-12-04 00:00:00,1133
2015-12-05 00:00:00,1493
2015-12-06 00:00:00,1431
2015-12-07 00:00:00,1039
2015-12-08 00:00:00,1110
2015-12-09 00:00:00,984
2015-12-10 00:00:00,1010
2015-12-11 00:00:00,1187
2015-12-12 00:00:00,1562
2015-12-13 00:00:00,1586
2015-12-14 00:00:00,1130
2015-12-15 00:00:00,1116
2015-12-16 00:00:00,1090
2015-12-17 00:00:00,1066
2015-12-18 00:00:00,1337
2015-12-19 00:00:00,1623
2015-12-20 00:00:00,1610
2015-12-21 00:00:00,1583
2015-12-22 00:00:00,1518
2015-12-23 00:00:00,1433
2015-12-24 00:00:00,1269
2015-12-25 00:00:00,1170
2015-12-26 00:00:00,1359
2015-12-27 00:00:00,1253
2015-12-28 00:00:00,1334
2015-12-29 00:00:00,1435
2015-12-30 00:00:00,1374
2015-12-31 00:00:00,1262
2016-01-01 00:00:00,1364
2016-01-02 00:00:00,1443
2016-01-03 00:00:00,1339
2016-01-04 00:00:00,1306
2016-01-05 00:00:00,1329
2016-01-06 00:00:00,1277
2016-01-07 00:00:00,1287
2016-01-08 00:00:00,1396
2016-01-09 00:00:00,1610
2016-01-10 00:00:00,1562
2016-01-11 00:00:00,1121
2016-01-12 00:00:00,1071
2016-01-13 00:00:00,1069
2016-01-14 00:00:00,1080
2016-01-15 00:00:00,1252
2016-01-16 00:00:00,1597
2016-01-17 00:00:00,1573
2016-01-18 00:00:00,1291
2016-01-19 00:00:00,1193
2016-01-20 00:00:00,1170
2016-01-21 00:00:00,1163
2016-01-22 00:00:00,1337
2016-01-23 00:00:00,1617
2016-01-24 00:00:00,1632
2016-01-25 00:00:00,1272
2016-01-26 00:00:00,1201
2016-01-27 00:00:00,1306
2016-01-28 00:00:00,1261
2016-01-29 00:00:00,1412
2016-01-30 00:00:00,1576
2016-01-31 00:00:00,1635
2016-02-01 00:00:00,1273
2016-02-02 00:00:00,1229
2016-02-03 00:00:00,1256
2016-02-04 00:00:00,1199
2016-02-05 00:00:00,1358
2016-02-06 00:00:00,1504
2016-02-07 00:00:00,1504
2016-02-08 00:00:00,1141
2016-02-09 00:00:00,1093
2016-02-10 00:00:00,1005
2016-02-11 00:00:00,994
2016-02-12 00:00:00,1165
2016-02-13 00:00:00,1478
2016-02-14 00:00:00,1391
2016-02-15 00:00:00,1206
2016-02-16 00:00:00,1048
2016-02-17 00:00:00,1026
2016-02-18 00:00:00,1066
2016-02-19 00:00:00,1206
2016-02-20 00:00:00,1499
2016-02-21 00:00:00,1491
2016-02-22 00:00:00,1215
2016-02-23 00:00:00,1065
2016-02-24 00:00:00,986
2016-02-25 00:00:00,1049
2016-02-26 00:00:00,1203
2016-02-27 00:00:00,1555
2016-02-28 00:00:00,1549
2016-02-29 00:00:00,1065
2016-03-01 00:00:00,980
2016-03-02 00:00:00,956
2016-03-03 00:00:00,1005
2016-03-04 00:00:00,1141
2016-03-05 00:00:00,1564
2016-03-06 00:00:00,1513
2016-03-07 00:00:00,1085
2016-03-08 00:00:00,1003
2016-03-09 00:00:00,920
2016-03-10 00:00:00,894
2016-03-11 00:00:00,1071
2016-03-12 00:00:00,1459
2016-03-13 00:00:00,1453
2016-03-14 00:00:00,964
2016-03-15 00:00:00,951
2016-03-16 00:00:00,945
2016-03-17 00:00:00,917
2016-03-18 00:00:00,1130
2016-03-19 00:00:00,1510
2016-03-20 00:00:00,1490
2016-03-21 00:00:00,1109
2016-03-22 00:00:00,1121
2016-03-23 00:00:00,1116
2016-03-24 00:00:00,1200
2016-03-25 00:00:00,1390
2016-03-26 00:00:00,1399
2016-03-27 00:00:00,1323
2016-03-28 01:00:00,1178
2016-03-29 01:00:00,1088
2016-03-30 01:00:00,1043
2016-03-31 01:00:00,1077
2016-04-01 01:00:00,1093
2016-04-02 01:00:00,1354
2016-04-03 01:00:00,1402
2016-04-04 01:00:00,945
2016-04-05 01:00:00,930
2016-04-06 01:00:00,897
2016-04-07 01:00:00,905
2016-04-08 01:00:00,1049
2016-04-09 01:00:00,1360
2016-04-10 01:00:00,1309
2016-04-11 01:00:00,957
2016-04-12 01:00:00,875
2016-04-13 01:00:00,856
2016-04-14 01:00:00,870
2016-04-15 01:00:00,958
2016-04-16 01:00:00,1280
2016-04-17 01:00:00,1386
2016-04-18 01:00:00,995
2016-04-19 01:00:00,926
2016-04-20 01:00:00,880
2016-04-21 01:00:00,968
2016-04-22 01:00:00,1016
2016-04-23 01:00:00,1356
2016-04-24 01:00:00,1350
2016-04-25 01:00:00,922
2016-04-26 01:00:00,973
2016-04-27 01:00:00,964
2016-04-28 01:00:00,931
2016-04-29 01:00:00,1086
2016-04-30 01:00:00,1318
2016-05-01 01:00:00,1380
2016-05-02 01:00:00,1057
2016-05-03 01:00:00,1029
2016-05-04 01:00:00,967
2016-05-05 01:00:00,1004
2016-05-06 01:00:00,1027
2016-05-07 01:00:00,1303
2016-05-08 01:00:00,1237
2016-05-09 01:00:00,874
2016-05-10 01:00:00,889
2016-05-11 01:00:00,900
2016-05-12 01:00:00,914
2016-05-13 01:00:00,1051
2016-05-14 01:00:00,1436
2016-05-15 01:00:00,1351
2016-05-16 01:00:00,1002
2016-05-17 01:00:00,922
2016-05-18 01:00:00,925
2016-05-19 01:00:00,921
2016-05-20 01:00:00,1089
2016-05-21 01:00:00,1390
2016-05-22 01:00:00,1339
2016-05-23 01:00:00,957
2016-05-24 01:00:00,946
2016-05-25 01:00:00,959
2016-05-26 01:00:00,1001
2016-05-27 01:00:00,1195
2016-05-28 01:00:00,1351
2016-05-29 01:00:00,1329
2016-05-30 01:00:00,1091
2016-05-31 01:00:00,1012
2016-06-01 01:00:00,1106
2016-06-02 01:00:00,980
2016-06-03 01:00:00,1050
2016-06-04 01:00:00,1360
2016-06-05 01:00:00,1337
2016-06-06 01:00:00,1088
2016-06-07 01:00:00,1044
2016-06-08 01:00:00,1134
2016-06-09 01:00:00,1098
2016-06-10 01:00:00,1186
2016-06-11 01:00:00,1279
2016-06-12 01:00:00,1385
2016-06-13 01:00:00,1215
2016-06-14 01:00:00,1188
2016-06-15 01:00:00,1159
2016-06-16 01:00:00,1139
2016-06-17 01:00:00,1249
2016-06-18 01:00:00,1383
2016-06-19 01:00:00,1392
2016-06-20 01:00:00,1240
2016-06-21 01:00:00,1264
2016-06-22 01:00:00,1231
2016-06-23 01:00:00,1237
2016-06-24 01:00:00,1190
2016-06-25 01:00:00,1302
2016-06-26 01:00:00,1222
2016-06-27 01:00:00,1172
2016-06-28 01:00:00,1119
2016-06-29 01:00:00,1113
2016-06-30 01:00:00,1071
2016-07-01 01:00:00,1078
2016-07-02 01:00:00,1175
2016-07-03 01:00:00,1142
2016-07-04 01:00:00,1100
2016-07-05 01:00:00,1082
2016-07-06 01:00:00,1172
2016-07-07 01:00:00,1234
2016-07-08 01:00:00,1232
2016-07-09 01:00:00,1186
2016-07-10 01:00:00,1218
2016-07-11 01:00:00,1215
2016-07-12 01:00:00,1255
2016-07-13 01:00:00,1225
2016-07-14 01:00:00,1356
2016-07-15 01:00:00,1253
2016-07-16 01:00:00,1248
2016-07-17 01:00:00,1270
2016-07-18 01:00:00,1279
2016-07-19 01:00:00,1316
2016-07-20 01:00:00,1258
2016-07-21 01:00:00,1311
2016-07-22 01:00:00,1298
2016-07-23 01:00:00,1274
2016-07-24 01:00:00,1242
2016-07-25 01:00:00,1250
2016-07-26 01:00:00,1243
2016-07-27 01:00:00,1320
2016-07-28 01:00:00,1310
2016-07-29 01:00:00,1331
2016-07-30 01:00:00,1232
2016-07-31 01:00:00,1251
2016-08-01 01:00:00,1257
2016-08-02 01:00:00,1226
2016-08-03 01:00:00,1246
2016-08-04 01:00:00,1206
2016-08-05 01:00:00,1191
2016-08-06 01:00:00,1273
2016-08-07 01:00:00,1234
2016-08-08 01:00:00,1181
2016-08-09 01:00:00,1205
2016-08-10 01:00:00,1260
2016-08-11 01:00:00,1244
2016-08-12 01:00:00,1340
2016-08-13 01:00:00,1297
2016-08-14 01:00:00,1333
2016-08-15 01:00:00,1238
2016-08-16 01:00:00,1275
2016-08-17 01:00:00,1207
2016-08-18 01:00:00,1261
2016-08-19 01:00:00,1294
2016-08-20 01:00:00,1323
2016-08-21 01:00:00,1364
2016-08-22 01:00:00,1238
2016-08-23 01:00:00,1243
2016-08-24 01:00:00,1211
2016-08-25 01:00:00,1188
2016-08-26 01:00:00,1315
2016-08-27 01:00:00,1397
2016-08-28 01:00:00,1431
2016-08-29 01:00:00,1254
2016-08-30 01:00:00,1292
2016-08-31 01:00:00,1188
2016-09-01 01:00:00,1082
2016-09-02 01:00:00,1159
2016-09-03 01:00:00,1332
2016-09-04 01:00:00,1340
2016-09-05 01:00:00,1067
2016-09-06 01:00:00,906
2016-09-07 01:00:00,969
2016-09-08 01:00:00,912
2016-09-09 01:00:00,990
2016-09-10 01:00:00,1279
2016-09-11 01:00:00,1296
2016-09-12 01:00:00,949
2016-09-13 01:00:00,934
2016-09-14 01:00:00,965
2016-09-15 01:00:00,893
2016-09-16 01:00:00,1033
2016-09-17 01:00:00,1366
2016-09-18 01:00:00,1396
2016-09-19 01:00:00,889
2016-09-20 01:00:00,873
2016-09-21 01:00:00,889
2016-09-22 01:00:00,846
2016-09-23 01:00:00,1008
2016-09-24 01:00:00,1261
2016-09-25 01:00:00,1299
2016-09-26 01:00:00,892
2016-09-27 01:00:00,920
2016-09-28 01:00:00,821
2016-09-29 01:00:00,863
2016-09-30 01:00:00,1065
2016-10-01 01:00:00,1323
2016-10-02 01:00:00,1356
2016-10-03 01:00:00,930
2016-10-04 01:00:00,892
2016-10-05 01:00:00,860
2016-10-06 01:00:00,871
2016-10-07 01:00:00,985
2016-10-08 01:00:00,1227
2016-10-09 01:00:00,1224
2016-10-10 01:00:00,909
2016-10-11 01:00:00,825
2016-10-12 01:00:00,846
2016-10-13 01:00:00,889
2016-10-14 01:00:00,1060
2016-10-15 01:00:00,1399
2016-10-16 01:00:00,1270
2016-10-17 01:00:00,891
2016-10-18 01:00:00,843
2016-10-19 01:00:00,855
2016-10-20 01:00:00,845
2016-10-21 01:00:00,1069
2016-10-22 01:00:00,1316
2016-10-23 01:00:00,1232
2016-10-24 01:00:00,916
2016-10-25 01:00:00,838
2016-10-26 01:00:00,828
2016-10-27 01:00:00,857
2016-10-28 01:00:00,1054
2016-10-29 01:00:00,1329
2016-10-30 01:00:00,1315
2016-10-31 00:00:00,905
2016-11-01 00:00:00,940
2016-11-02 00:00:00,955
2016-11-03 00:00:00,1021
2016-11-04 00:00:00,1111
2016-11-05 00:00:00,1361
2016-11-06 00:00:00,1300
2016-11-07 00:00:00,857
2016-11-08 00:00:00,823
2016-11-09 00:00:00,767
2016-11-10 00:00:00,805
2016-11-11 00:00:00,1059
2016-11-12 00:00:00,1352
2016-11-13 00:00:00,1399
2016-11-14 00:00:00,870
2016-11-15 00:00:00,854
2016-11-16 00:00:00,853
2016-11-17 00:00:00,820
2016-11-18 00:00:00,1042
2016-11-19 00:00:00,1352
2016-11-20 00:00:00,1312
2016-11-21 00:00:00,909
2016-11-22 00:00:00,824
2016-11-23 00:00:00,922
2016-11-24 00:00:00,918
2016-11-25 00:00:00,1108
2016-11-26 00:00:00,1300
2016-11-27 00:00:00,1119
2016-11-28 00:00:00,807
2016-11-29 00:00:00,785
2016-11-30 00:00:00,791
2016-12-01 00:00:00,879
2016-12-02 00:00:00,1005
2016-12-03 00:00:00,1330
2016-12-04 00:00:00,1234
2016-12-05 00:00:00,902
2016-12-06 00:00:00,930
2016-12-07 00:00:00,898
2016-12-08 00:00:00,932
2016-12-09 00:00:00,1095
2016-12-10 00:00:00,1394
2016-12-11 00:00:00,1289
2016-12-12 00:00:00,940
2016-12-13 00:00:00,968
2016-12-14 00:00:00,937
2016-12-15 00:00:00,1009
2016-12-16 00:00:00,1071
2016-12-17 00:00:00,1363
2016-12-18 00:00:00,1327
2016-12-19 00:00:00,1147
2016-12-20 00:00:00,1104
2016-12-21 00:00:00,1108
2016-12-22 00:00:00,1256
2016-12-23 00:00:00,1242
2016-12-24 00:00:00,1229
2016-12-25 00:00:00,1068
2016-12-26 00:00:00,1176
2016-12-27 00:00:00,1246
2016-12-28 00:00:00,1202
2016-12-29 00:00:00,1239
2016-12-30 00:00:00,1265
2016-12-31 00:00:00,1167
2017-01-01 00:00:00,1206
2017-01-02 00:00:00,1230
2017-01-03 00:00:00,1170
2017-01-04 00:00:00,1277
2017-01-05 00:00:00,1196
2017-01-06 00:00:00,1402
2017-01-07 00:00:00,1524
2017-01-08 00:00:00,1452
2017-01-09 00:00:00,1186
2017-01-10 00:00:00,1059
2017-01-11 00:00:00,1058
2017-01-12 00:00:00,1032
2017-01-13 00:00:00,1145
2017-01-14 00:00:00,1491
2017-01-15 00:00:00,1413
2017-01-16 00:00:00,1214
2017-01-17 00:00:00,1094
2017-01-18 00:00:00,1109
2017-01-19 00:00:00,1074
2017-01-20 00:00:00,1294
2017-01-21 00:00:00,1545
2017-01-22 00:00:00,1507
2017-01-23 00:00:00,1140
2017-01-24 00:00:00,1148
2017-01-25 00:00:00,1139
2017-01-26 00:00:00,1103
2017-01-27 00:00:00,1259
2017-01-28 00:00:00,1406
2017-01-29 00:00:00,1512
2017-01-30 00:00:00,1214
2017-01-31 00:00:00,1263
2017-02-01 00:00:00,1152
2017-02-02 00:00:00,1191
2017-02-03 00:00:00,1265
2017-02-04 00:00:00,1555
2017-02-05 00:00:00,1568
2017-02-06 00:00:00,1183
2017-02-07 00:00:00,1181
2017-02-08 00:00:00,1200
2017-02-09 00:00:00,1191
2017-02-10 00:00:00,1346
2017-02-11 00:00:00,1567
2017-02-12 00:00:00,1553
2017-02-13 00:00:00,1105
2017-02-14 00:00:00,1024
2017-02-15 00:00:00,1014
2017-02-16 00:00:00,942
2017-02-17 00:00:00,1173
2017-02-18 00:00:00,1433
2017-02-19 00:00:00,1368
2017-02-20 00:00:00,1023
2017-02-21 00:00:00,1002
2017-02-22 00:00:00,1052
2017-02-23 00:00:00,1097
2017-02-24 00:00:00,1266
2017-02-25 00:00:00,1465
2017-02-26 00:00:00,1408
2017-02-27 00:00:00,1068
2017-02-28 00:00:00,1025
2017-03-01 00:00:00,957
2017-03-02 00:00:00,922
2017-03-03 00:00:00,1059
2017-03-04 00:00:00,1421
2017-03-05 00:00:00,1259
2017-03-06 00:00:00,893
2017-03-07 00:00:00,933
2017-03-08 00:00:00,937
2017-03-09 00:00:00,849
2017-03-10 00:00:00,1056
2017-03-11 00:00:00,1319
2017-03-12 00:00:00,1357
2017-03-13 00:00:00,927
2017-03-14 00:00:00,925
2017-03-15 00:00:00,882
2017-03-16 00:00:00,850
2017-03-17 00:00:00,992
2017-03-18 00:00:00,1404
2017-03-19 00:00:00,1392
2017-03-20 00:00:00,912
2017-03-21 00:00:00,565
2017-03-22 00:00:00,585
2017-03-23 00:00:00,910
2017-03-24 00:00:00,1026
2017-03-25 00:00:00,1315
2017-03-26 00:00:00,1336
2017-03-27 01:00:00,966
2017-03-28 01:00:00,955
2017-03-29 01:00:00,953
2017-03-30 01:00:00,964
2017-03-31 01:00:00,1082
2017-04-01 01:00:00,1324
2017-04-02 01:00:00,1341
2017-04-03 01:00:00,1074
2017-04-04 01:00:00,975
2017-04-05 01:00:00,978
2017-04-06 01:00:00,957
2017-04-07 01:00:00,1109
2017-04-08 01:00:00,1390
2017-04-09 01:00:00,1296
2017-04-10 01:00:00,963
2017-04-11 01:00:00,1040
2017-04-12 01:00:00,993
2017-04-13 01:00:00,1175
2017-04-14 01:00:00,1306
2017-04-15 01:00:00,1446
2017-04-16 01:00:00,1311
2017-04-17 01:00:00,1163
2017-04-18 01:00:00,1028
2017-04-19 01:00:00,1084
2017-04-20 01:00:00,995
2017-04-21 01:00:00,1136
2017-04-22 01:00:00,1444
2017-04-23 01:00:00,1405
2017-04-24 01:00:00,941
2017-04-25 01:00:00,893
2017-04-26 01:00:00,870
2017-04-27 01:00:00,826
2017-04-28 01:00:00,1056
2017-04-29 01:00:00,1268
2017-04-30 01:00:00,1291
2017-05-01 01:00:00,1173
2017-05-02 01:00:00,877
2017-05-03 01:00:00,914
2017-05-04 01:00:00,903
2017-05-05 01:00:00,1003
2017-05-06 01:00:00,1253
2017-05-07 01:00:00,1268
2017-05-08 01:00:00,1063
2017-05-09 01:00:00,1038
2017-05-10 01:00:00,916
2017-05-11 01:00:00,877
2017-05-12 01:00:00,1063
2017-05-13 01:00:00,1303
2017-05-14 01:00:00,1264
2017-05-15 01:00:00,940
2017-05-16 01:00:00,862
2017-05-17 01:00:00,836
2017-05-18 01:00:00,848
2017-05-19 01:00:00,1019
2017-05-20 01:00:00,1157
2017-05-21 01:00:00,1191
2017-05-22 01:00:00,853
2017-05-23 01:00:00,857
2017-05-24 01:00:00,883
2017-05-25 01:00:00,922
2017-05-26 01:00:00,985
2017-05-27 01:00:00,1185
2017-05-28 01:00:00,1214
2017-05-29 01:00:00,1093
2017-05-30 01:00:00,987
2017-05-31 01:00:00,1006
2017-06-01 01:00:00,950
2017-06-02 01:00:00,1093
2017-06-03 01:00:00,1266
2017-06-04 01:00:00,1344
2017-06-05 01:00:00,1167
2017-06-06 01:00:00,1047
2017-06-07 01:00:00,1009
2017-06-08 01:00:00,1030
2017-06-09 01:00:00,1078
2017-06-10 01:00:00,1144
2017-06-11 01:00:00,1056
2017-06-12 01:00:00,872
2017-06-13 01:00:00,872
2017-06-14 01:00:00,889
2017-06-15 01:00:00,994
2017-06-16 01:00:00,1052
2017-06-17 01:00:00,1181
2017-06-18 01:00:00,1068
2017-06-19 01:00:00,982
2017-06-20 01:00:00,994
2017-06-21 01:00:00,979
2017-06-22 01:00:00,1041
2017-06-23 01:00:00,1011
2017-06-24 01:00:00,1011
2017-06-25 01:00:00,973
2017-06-26 01:00:00,887
2017-06-27 01:00:00,907
2017-06-28 01:00:00,904
2017-06-29 01:00:00,898
2017-06-30 01:00:00,927
2017-07-01 01:00:00,960
2017-07-02 01:00:00,1002
2017-07-03 01:00:00,943
2017-07-04 01:00:00,869
2017-07-05 01:00:00,830
2017-07-06 01:00:00,868
2017-07-07 01:00:00,989
2017-07-08 01:00:00,1043
2017-07-09 01:00:00,984
2017-07-10 01:00:00,952
2017-07-11 01:00:00,1003
2017-07-12 01:00:00,986
2017-07-13 01:00:00,950
2017-07-14 01:00:00,985
2017-07-15 01:00:00,970
2017-07-16 01:00:00,933
2017-07-17 01:00:00,990
2017-07-18 01:00:00,904
2017-07-19 01:00:00,1024
2017-07-20 01:00:00,955
2017-07-21 01:00:00,995
2017-07-22 01:00:00,985
2017-07-23 01:00:00,941
2017-07-24 01:00:00,983
2017-07-25 01:00:00,973
2017-07-26 01:00:00,964
2017-07-27 01:00:00,1001
2017-07-28 01:00:00,1036
2017-07-29 01:00:00,973
2017-07-30 01:00:00,1033
2017-07-31 01:00:00,1014
2017-08-01 01:00:00,988
2017-08-02 01:00:00,981
2017-08-03 01:00:00,991
2017-08-04 01:00:00,999
2017-08-05 01:00:00,1080
2017-08-06 01:00:00,1008
2017-08-07 01:00:00,1031
2017-08-08 01:00:00,1006
2017-08-09 01:00:00,1003
2017-08-10 01:00:00,969
2017-08-11 01:00:00,966
2017-08-12 01:00:00,1011
2017-08-13 01:00:00,1007
2017-08-14 01:00:00,985
2017-08-15 01:00:00,997
2017-08-16 01:00:00,931
2017-08-17 01:00:00,1018
2017-08-18 01:00:00,1007
2017-08-19 01:00:00,1067
2017-08-20 01:00:00,1106
2017-08-21 01:00:00,1027
2017-08-22 01:00:00,1024
2017-08-23 01:00:00,979
2017-08-24 01:00:00,1032
2017-08-25 01:00:00,1019
2017-08-26 01:00:00,1088
2017-08-27 01:00:00,1109
2017-08-28 01:00:00,1089
2017-08-29 01:00:00,1001
2017-08-30 01:00:00,978
2017-08-31 01:00:00,945
2017-09-01 01:00:00,1017
2017-09-02 01:00:00,1134
2017-09-03 01:00:00,1122
2017-09-04 01:00:00,927
2017-09-05 01:00:00,862
2017-09-06 01:00:00,802
2017-09-07 01:00:00,786
2017-09-08 01:00:00,965
2017-09-09 01:00:00,1214
2017-09-10 01:00:00,1063
2017-09-11 01:00:00,795
2017-09-12 01:00:00,757
2017-09-13 01:00:00,716
2017-09-14 01:00:00,685
2017-09-15 01:00:00,873
2017-09-16 01:00:00,1018
2017-09-17 01:00:00,1019
2017-09-18 01:00:00,722
2017-09-19 01:00:00,693
2017-09-20 01:00:00,708
2017-09-21 01:00:00,761
2017-09-22 01:00:00,871
2017-09-23 01:00:00,1049
2017-09-24 01:00:00,1044
2017-09-25 01:00:00,706
2017-09-26 01:00:00,682
2017-09-27 01:00:00,675
2017-09-28 01:00:00,709
2017-09-29 01:00:00,816
2017-09-30 01:00:00,1078
2017-10-01 01:00:00,1124
2017-10-02 01:00:00,810
2017-10-03 01:00:00,772
2017-10-04 01:00:00,792
2017-10-05 01:00:00,837
2017-10-06 01:00:00,946
2017-10-07 01:00:00,1149
2017-10-08 01:00:00,1218
2017-10-09 01:00:00,886
2017-10-10 01:00:00,796
2017-10-11 01:00:00,779
2017-10-12 01:00:00,794
2017-10-13 01:00:00,927
2017-10-14 01:00:00,1162
2017-10-15 01:00:00,1137
2017-10-16 01:00:00,812
2017-10-17 01:00:00,773
2017-10-18 01:00:00,760
2017-10-19 01:00:00,703
2017-10-20 01:00:00,893
2017-10-21 01:00:00,1188
2017-10-22 01:00:00,1112
2017-10-23 01:00:00,799
2017-10-24 01:00:00,850
2017-10-25 01:00:00,785
2017-10-26 01:00:00,802
2017-10-27 01:00:00,935
2017-10-28 01:00:00,1030
2017-10-29 01:00:00,1071
2017-10-30 00:00:00,787
2017-10-31 00:00:00,818
2017-11-01 00:00:00,811
2017-11-02 00:00:00,827
2017-11-03 00:00:00,884
2017-11-04 00:00:00,1123
2017-11-05 00:00:00,1068
2017-11-06 00:00:00,733
2017-11-07 00:00:00,700
2017-11-08 00:00:00,652
2017-11-09 00:00:00,672
2017-11-10 00:00:00,870
2017-11-11 00:00:00,1148
2017-11-12 00:00:00,1055
2017-11-13 00:00:00,669
2017-11-14 00:00:00,658
2017-11-15 00:00:00,689
2017-11-16 00:00:00,648
2017-11-17 00:00:00,835
2017-11-18 00:00:00,1025
2017-11-19 00:00:00,1000
2017-11-20 00:00:00,758
2017-11-21 00:00:00,632
2017-11-22 00:00:00,737
2017-11-23 00:00:00,673
2017-11-24 00:00:00,779
2017-11-25 00:00:00,938
2017-11-26 00:00:00,865
2017-11-27 00:00:00,598
2017-11-28 00:00:00,579
2017-11-29 00:00:00,605
2017-11-30 00:00:00,629
2017-12-01 00:00:00,766
2017-12-02 00:00:00,1014
2017-12-03 00:00:00,866
2017-12-04 00:00:00,689
2017-12-05 00:00:00,649
2017-12-06 00:00:00,709
2017-12-07 00:00:00,659
2017-12-08 00:00:00,845
2017-12-09 00:00:00,1054
2017-12-10 00:00:00,909
2017-12-11 00:00:00,688
2017-12-12 00:00:00,692
2017-12-13 00:00:00,711
2017-12-14 00:00:00,711
2017-12-15 00:00:00,734
2017-12-16 00:00:00,951
2017-12-17 00:00:00,915
2017-12-18 00:00:00,700
2017-12-19 00:00:00,774
2017-12-20 00:00:00,739
2017-12-21 00:00:00,732
2017-12-22 00:00:00,864
2017-12-23 00:00:00,911
2017-12-24 00:00:00,780
2017-12-25 00:00:00,727
2017-12-26 00:00:00,758
2017-12-27 00:00:00,814
2017-12-28 00:00:00,798
2017-12-29 00:00:00,854
2017-12-30 00:00:00,913
2017-12-31 00:00:00,798
2018-01-01 00:00:00,802
2018-01-02 00:00:00,823
2018-01-03 00:00:00,832
2018-01-04 00:00:00,792
2018-01-05 00:00:00,897
2018-01-06 00:00:00,1018
2018-01-07 00:00:00,978
2018-01-08 00:00:00,865
2018-01-09 00:00:00,776
2018-01-10 00:00:00,775
2018-01-11 00:00:00,752
2018-01-12 00:00:00,998
2018-01-13 00:00:00,1159
2018-01-14 00:00:00,1115
2018-01-15 00:00:00,925
2018-01-16 00:00:00,843
2018-01-17 00:00:00,830
2018-01-18 00:00:00,827
2018-01-19 00:00:00,961
2018-01-20 00:00:00,1202
2018-01-21 00:00:00,1104
2018-01-22 00:00:00,896
2018-01-23 00:00:00,944
2018-01-24 00:00:00,950
2018-01-25 00:00:00,924
2018-01-26 00:00:00,1000
2018-01-27 00:00:00,1166
2018-01-28 00:00:00,1130
2018-01-29 00:00:00,884
2018-01-30 00:00:00,937
2018-01-31 00:00:00,1010
2018-02-01 00:00:00,946
2018-02-02 00:00:00,1048
2018-02-03 00:00:00,1237
2018-02-04 00:00:00,1174
2018-02-05 00:00:00,898
2018-02-06 00:00:00,986
2018-02-07 00:00:00,961
2018-02-08 00:00:00,885
2018-02-09 00:00:00,932
2018-02-10 00:00:00,1156
2018-02-11 00:00:00,1194
2018-02-12 00:00:00,956
2018-02-13 00:00:00,942
2018-02-14 00:00:00,936
2018-02-15 00:00:00,876
2018-02-16 00:00:00,889
2018-02-17 00:00:00,995
2018-02-18 00:00:00,966
2018-02-19 00:00:00,804
2018-02-20 00:00:00,830
2018-02-21 00:00:00,815
2018-02-22 00:00:00,905
2018-02-23 00:00:00,919
2018-02-24 00:00:00,1031
2018-02-25 00:00:00,1039
2018-02-26 00:00:00,771
2018-02-27 00:00:00,760
2018-02-28 00:00:00,750
2018-03-01 00:00:00,790
2018-03-02 00:00:00,894
2018-03-03 00:00:00,1038
2018-03-04 00:00:00,911
2018-03-05 00:00:00,712
2018-03-06 00:00:00,696
2018-03-07 00:00:00,710
2018-03-08 00:00:00,736
2018-03-09 00:00:00,839
2018-03-10 00:00:00,1024
2018-03-11 00:00:00,881
2018-03-12 00:00:00,674
2018-03-13 00:00:00,575
2018-03-14 00:00:00,631
2018-03-15 00:00:00,611
2018-03-16 00:00:00,739
2018-03-17 00:00:00,982
2018-03-18 00:00:00,921
2018-03-19 00:00:00,657
2018-03-20 00:00:00,612
2018-03-21 00:00:00,620
2018-03-22 00:00:00,634
2018-03-23 00:00:00,759
2018-03-24 00:00:00,1004
2018-03-25 00:00:00,958
2018-03-26 01:00:00,770
2018-03-27 01:00:00,749
2018-03-28 01:00:00,747
2018-03-29 01:00:00,787
2018-03-30 01:00:00,911
2018-03-31 01:00:00,930
2018-04-01 01:00:00,872
2018-04-02 01:00:00,718
2018-04-03 01:00:00,638
2018-04-04 01:00:00,732
2018-04-05 01:00:00,713
2018-04-06 01:00:00,766
2018-04-07 01:00:00,874
2018-04-08 01:00:00,813
2018-04-09 01:00:00,639
2018-04-10 01:00:00,600
2018-04-11 01:00:00,589
2018-04-12 01:00:00,607
2018-04-13 01:00:00,643
2018-04-14 01:00:00,870
2018-04-15 01:00:00,814
2018-04-16 01:00:00,578
2018-04-17 01:00:00,598
2018-04-18 01:00:00,599
2018-04-19 01:00:00,596
2018-04-20 01:00:00,663
2018-04-21 01:00:00,822
2018-04-22 01:00:00,826
2018-04-23 01:00:00,607
2018-04-24 01:00:00,611
2018-04-25 01:00:00,566
2018-04-26 01:00:00,539
2018-04-27 01:00:00,612
2018-04-28 01:00:00,755
2018-04-29 01:00:00,766
2018-04-30 01:00:00,756
2018-05-01 01:00:00,746
2018-05-02 01:00:00,596
2018-05-03 01:00:00,597
2018-05-04 01:00:00,660
2018-05-05 01:00:00,828
2018-05-06 01:00:00,821
2018-05-07 01:00:00,548
2018-05-08 01:00:00,584
2018-05-09 01:00:00,573
2018-05-10 01:00:00,597
2018-05-11 01:00:00,673
2018-05-12 01:00:00,854
2018-05-13 01:00:00,788
2018-05-14 01:00:00,585
2018-05-15 01:00:00,582
2018-05-16 01:00:00,545
2018-05-17 01:00:00,550
2018-05-18 01:00:00,658
2018-05-19 01:00:00,835
2018-05-20 01:00:00,792
2018-05-21 01:00:00,679
2018-05-22 01:00:00,608
2018-05-23 01:00:00,596
2018-05-24 01:00:00,566
2018-05-25 01:00:00,672
2018-05-26 01:00:00,828
2018-05-27 01:00:00,712
2018-05-28 01:00:00,702
2018-05-29 01:00:00,661
2018-05-30 01:00:00,673
2018-05-31 01:00:00,673
2018-06-01 01:00:00,720
2018-06-02 01:00:00,781
2018-06-03 01:00:00,768
2018-06-04 01:00:00,633
2018-06-05 01:00:00,677
2018-06-06 01:00:00,672
2018-06-07 01:00:00,649
2018-06-08 01:00:00,778
2018-06-09 01:00:00,802
2018-06-10 01:00:00,781
2018-06-11 01:00:00,650
2018-06-12 01:00:00,698
2018-06-13 01:00:00,667
2018-06-14 01:00:00,649
2018-06-15 01:00:00,662
2018-06-16 01:00:00,769
2018-06-17 01:00:00,838
2018-06-18 01:00:00,683
2018-06-19 01:00:00,694
2018-06-20 01:00:00,705
2018-06-21 01:00:00,714
2018-06-22 01:00:00,661
2018-06-23 01:00:00,726
2018-06-24 01:00:00,677
2018-06-25 01:00:00,608
2018-06-26 01:00:00,586
2018-06-27 01:00:00,560
2018-06-28 01:00:00,527
2018-06-29 01:00:00,556
2018-06-30 01:00:00,584
2018-07-01 01:00:00,593
2018-07-02 01:00:00,556
2018-07-03 01:00:00,539
2018-07-04 01:00:00,544
2018-07-05 01:00:00,542
2018-07-06 01:00:00,610
2018-07-07 01:00:00,639
2018-07-08 01:00:00,679
2018-07-09 01:00:00,647
2018-07-10 01:00:00,689
2018-07-11 01:00:00,676
2018-07-12 01:00:00,625
2018-07-13 01:00:00,685
2018-07-14 01:00:00,695
2018-07-15 01:00:00,668
2018-07-16 01:00:00,623
2018-07-17 01:00:00,667
2018-07-18 01:00:00,736
2018-07-19 01:00:00,672
2018-07-20 01:00:00,722
2018-07-21 01:00:00,750
2018-07-22 01:00:00,689
2018-07-23 01:00:00,696
2018-07-24 01:00:00,701
2018-07-25 01:00:00,690
2018-07-26 01:00:00,713
2018-07-27 01:00:00,668
2018-07-28 01:00:00,659
2018-07-29 01:00:00,672
2018-07-30 01:00:00,668
2018-07-31 01:00:00,649
2018-08-01 01:00:00,638
2018-08-02 01:00:00,652
2018-08-03 01:00:00,676
2018-08-04 01:00:00,625
2018-08-05 01:00:00,724
2018-08-06 01:00:00,658
2018-08-07 01:00:00,705
2018-08-08 01:00:00,728
2018-08-09 01:00:00,701
2018-08-10 01:00:00,687
2018-08-11 01:00:00,732
2018-08-12 01:00:00,718
2018-08-13 01:00:00,631
2018-08-14 01:00:00,694
2018-08-15 01:00:00,687
2018-08-16 01:00:00,639
2018-08-17 01:00:00,633
2018-08-18 01:00:00,705
2018-08-19 01:00:00,705
2018-08-20 01:00:00,709
2018-08-21 01:00:00,671
2018-08-22 01:00:00,639
2018-08-23 01:00:00,654
2018-08-24 01:00:00,679
2018-08-25 01:00:00,707
2018-08-26 01:00:00,710
2018-08-27 01:00:00,656
2018-08-28 01:00:00,609
2018-08-29 01:00:00,653
2018-08-30 01:00:00,623
2018-08-31 01:00:00,651
2018-09-01 01:00:00,675
2018-09-02 01:00:00,686
2018-09-03 01:00:00,576
2018-09-04 01:00:00,548
2018-09-05 01:00:00,532
2018-09-06 01:00:00,448
2018-09-07 01:00:00,557
2018-09-08 01:00:00,665
2018-09-09 01:00:00,634
2018-09-10 01:00:00,468
2018-09-11 01:00:00,449
2018-09-12 01:00:00,508
2018-09-13 01:00:00,465
2018-09-14 01:00:00,520
2018-09-15 01:00:00,641
2018-09-16 01:00:00,653
2018-09-17 01:00:00,484
2018-09-18 01:00:00,444
2018-09-19 01:00:00,479
2018-09-20 01:00:00,423
2018-09-21 01:00:00,520
2018-09-22 01:00:00,646
2018-09-23 01:00:00,658
2018-09-24 01:00:00,498
2018-09-25 01:00:00,442
2018-09-26 01:00:00,463
2018-09-27 01:00:00,444
2018-09-28 01:00:00,466
2018-09-29 01:00:00,557
2018-09-30 01:00:00,619
2018-10-01 01:00:00,449
2018-10-02 01:00:00,489
2018-10-03 01:00:00,465
2018-10-04 01:00:00,585
2018-10-05 01:00:00,702
2018-10-06 01:00:00,864
2018-10-07 01:00:00,866
2018-10-08 01:00:00,641
2018-10-09 01:00:00,627
2018-10-10 01:00:00,607
2018-10-11 01:00:00,568
2018-10-12 01:00:00,689
2018-10-13 01:00:00,851
2018-10-14 01:00:00,861
2018-10-15 01:00:00,601
2018-10-16 01:00:00,570
2018-10-17 01:00:00,582
2018-10-18 01:00:00,576
2018-10-19 01:00:00,686
2018-10-20 01:00:00,820
2018-10-21 01:00:00,771
2018-10-22 01:00:00,571
2018-10-23 01:00:00,540
2018-10-24 01:00:00,539
2018-10-25 01:00:00,557
2018-10-26 01:00:00,585
2018-10-27 01:00:00,758
2018-10-28 01:00:00,731
2018-10-29 00:00:00,602
2018-10-30 00:00:00,514
2018-10-31 00:00:00,524
2018-11-01 00:00:00,549
2018-11-02 00:00:00,649
2018-11-03 00:00:00,708
2018-11-04 00:00:00,674
2018-11-05 00:00:00,477
2018-11-06 00:00:00,439
2018-11-07 00:00:00,477
2018-11-08 00:00:00,445
2018-11-09 00:00:00,561
2018-11-10 00:00:00,718
2018-11-11 00:00:00,663
2018-11-12 00:00:00,496
2018-11-13 00:00:00,475
2018-11-14 00:00:00,422
2018-11-15 00:00:00,458
2018-11-16 00:00:00,559
2018-11-17 00:00:00,755
2018-11-18 00:00:00,680
2018-11-19 00:00:00,505
2018-11-20 00:00:00,468
2018-11-21 00:00:00,499
2018-11-22 00:00:00,483
2018-11-23 00:00:00,537
2018-11-24 00:00:00,662
2018-11-25 00:00:00,580
2018-11-26 00:00:00,419
2018-11-27 00:00:00,397
2018-11-28 00:00:00,419
2018-11-29 00:00:00,415
2018-11-30 00:00:00,521
2018-12-01 00:00:00,646
2018-12-02 00:00:00,619
2018-12-03 00:00:00,462
2018-12-04 00:00:00,443
2018-12-05 00:00:00,468
2018-12-06 00:00:00,443
2018-12-07 00:00:00,441
2018-12-08 00:00:00,555
2018-12-09 00:00:00,556
2018-12-10 00:00:00,421
2018-12-11 00:00:00,433
2018-12-12 00:00:00,390
2018-12-13 00:00:00,399
2018-12-14 00:00:00,452
2018-12-15 00:00:00,594
2018-12-16 00:00:00,569
2018-12-17 00:00:00,424
2018-12-18 00:00:00,463
2018-12-19 00:00:00,472
2018-12-20 00:00:00,436
2018-12-21 00:00:00,503
2018-12-22 00:00:00,545
2018-12-23 00:00:00,511
2018-12-24 00:00:00,484
2018-12-25 00:00:00,432
2018-12-26 00:00:00,473
2018-12-27 00:00:00,493
2018-12-28 00:00:00,522
2018-12-29 00:00:00,550
2018-12-30 00:00:00,559
2018-12-31 00:00:00,524
2019-01-01 00:00:00,495
2019-01-02 00:00:00,559
2019-01-03 00:00:00,505
2019-01-04 00:00:00,591
2019-01-05 00:00:00,635
2019-01-06 00:00:00,585
2019-01-07 00:00:00,531
2019-01-08 00:00:00,512
2019-01-09 00:00:00,488
2019-01-10 00:00:00,458
2019-01-11 00:00:00,574
2019-01-12 00:00:00,725
2019-01-13 00:00:00,627
2019-01-14 00:00:00,483
2019-01-15 00:00:00,513
2019-01-16 00:00:00,498
2019-01-17 00:00:00,491
2019-01-18 00:00:00,495
2019-01-19 00:00:00,656
2019-01-20 00:00:00,642
2019-01-21 00:00:00,566
2019-01-22 00:00:00,532
2019-01-23 00:00:00,523
2019-01-24 00:00:00,553
2019-01-25 00:00:00,581
2019-01-26 00:00:00,680
2019-01-27 00:00:00,741
2019-01-28 00:00:00,541
2019-01-29 00:00:00,530
2019-01-30 00:00:00,538
2019-01-31 00:00:00,554
2019-02-01 00:00:00,591
2019-02-02 00:00:00,680
2019-02-03 00:00:00,780
2019-02-04 00:00:00,580
2019-02-05 00:00:00,533
2019-02-06 00:00:00,474
2019-02-07 00:00:00,478
2019-02-08 00:00:00,551
2019-02-09 00:00:00,641
2019-02-10 00:00:00,595
2019-02-11 00:00:00,453
2019-02-12 00:00:00,448
2019-02-13 00:00:00,473
2019-02-14 00:00:00,421
2019-02-15 00:00:00,476
2019-02-16 00:00:00,558
2019-02-17 00:00:00,575
2019-02-18 00:00:00,512
2019-02-19 00:00:00,457
2019-02-20 00:00:00,425
2019-02-21 00:00:00,446
2019-02-22 00:00:00,530
2019-02-23 00:00:00,603
2019-02-24 00:00:00,645
2019-02-25 00:00:00,448
2019-02-26 00:00:00,418
2019-02-27 00:00:00,427
2019-02-28 00:00:00,404
2019-03-01 00:00:00,489
2019-03-02 00:00:00,582
2019-03-03 00:00:00,572
2019-03-04 00:00:00,489
2019-03-05 00:00:00,424
2019-03-06 00:00:00,433
2019-03-07 00:00:00,436
2019-03-08 00:00:00,518
2019-03-09 00:00:00,643
2019-03-10 00:00:00,631
2019-03-11 00:00:00,388
2019-03-12 00:00:00,363
2019-03-13 00:00:00,368
2019-03-14 00:00:00,400
2019-03-15 00:00:00,496
2019-03-16 00:00:00,651
2019-03-17 00:00:00,612
2019-03-18 00:00:00,440
2019-03-19 00:00:00,380
2019-03-20 00:00:00,400
2019-03-21 00:00:00,369
2019-03-22 00:00:00,459
2019-03-23 00:00:00,617
2019-03-24 00:00:00,623
2019-03-25 00:00:00,490
2019-03-26 00:00:00,490
2019-03-27 00:00:00,447
2019-03-28 00:00:00,443
2019-03-29 00:00:00,485
2019-03-30 00:00:00,596
2019-03-31 00:00:00,580
2019-04-01 01:00:00,427
2019-04-02 01:00:00,435
2019-04-03 01:00:00,401
2019-04-04 01:00:00,424
2019-04-05 01:00:00,488
2019-04-06 01:00:00,593
2019-04-07 01:00:00,591
2019-04-08 01:00:00,420
2019-04-09 01:00:00,431
2019-04-10 01:00:00,425
2019-04-11 01:00:00,414
2019-04-12 01:00:00,513
2019-04-13 01:00:00,638
2019-04-14 01:00:00,650
2019-04-15 01:00:00,436
2019-04-16 01:00:00,467
2019-04-17 01:00:00,442
2019-04-18 01:00:00,494
2019-04-19 01:00:00,578
2019-04-20 01:00:00,587
2019-04-21 01:00:00,569
2019-04-22 01:00:00,438
2019-04-23 01:00:00,435
2019-04-24 01:00:00,403
2019-04-25 01:00:00,410
2019-04-26 01:00:00,458
2019-04-27 01:00:00,565
2019-04-28 01:00:00,571
2019-04-29 01:00:00,401
2019-04-30 01:00:00,474
2019-05-01 01:00:00,517
2019-05-02 01:00:00,455
2019-05-03 01:00:00,512
2019-05-04 01:00:00,545
2019-05-05 01:00:00,550
2019-05-06 01:00:00,397
2019-05-07 01:00:00,417
2019-05-08 01:00:00,391
2019-05-09 01:00:00,381
2019-05-10 01:00:00,478
2019-05-11 01:00:00,587
2019-05-12 01:00:00,503
2019-05-13 01:00:00,371
2019-05-14 01:00:00,356
2019-05-15 01:00:00,347
2019-05-16 01:00:00,386
2019-05-17 01:00:00,406
2019-05-18 01:00:00,479
2019-05-19 01:00:00,519
2019-05-20 01:00:00,372
2019-05-21 01:00:00,414
2019-05-22 01:00:00,362
2019-05-23 01:00:00,355
2019-05-24 01:00:00,404
2019-05-25 01:00:00,542
2019-05-26 01:00:00,528
2019-05-27 01:00:00,462
2019-05-28 01:00:00,458
2019-05-29 01:00:00,427
2019-05-30 01:00:00,423
2019-05-31 01:00:00,480
2019-06-01 01:00:00,500
2019-06-02 01:00:00,542
2019-06-03 01:00:00,441
2019-06-04 01:00:00,401
2019-06-05 01:00:00,414
2019-06-06 01:00:00,475
2019-06-07 01:00:00,437
2019-06-08 01:00:00,521
2019-06-09 01:00:00,511
2019-06-10 01:00:00,430
2019-06-11 01:00:00,398
2019-06-12 01:00:00,418
2019-06-13 01:00:00,395
2019-06-14 01:00:00,459
2019-06-15 01:00:00,515
2019-06-16 01:00:00,484
2019-06-17 01:00:00,417
2019-06-18 01:00:00,439
2019-06-19 01:00:00,414
2019-06-20 01:00:00,471
2019-06-21 01:00:00,463
2019-06-22 01:00:00,525
2019-06-23 01:00:00,501
2019-06-24 01:00:00,458
2019-06-25 01:00:00,473
2019-06-26 01:00:00,433
2019-06-27 01:00:00,427
2019-06-28 01:00:00,420
2019-06-29 01:00:00,407
2019-06-30 01:00:00,436
2019-07-01 01:00:00,418
2019-07-02 01:00:00,405
2019-07-03 01:00:00,442
2019-07-04 01:00:00,380
2019-07-05 01:00:00,425
2019-07-06 01:00:00,411
2019-07-07 01:00:00,403
2019-07-08 01:00:00,407
2019-07-09 01:00:00,432
2019-07-10 01:00:00,392
2019-07-11 01:00:00,445
2019-07-12 01:00:00,482
2019-07-13 01:00:00,475
2019-07-14 01:00:00,472
2019-07-15 01:00:00,481
2019-07-16 01:00:00,460
2019-07-17 01:00:00,516
2019-07-18 01:00:00,482
2019-07-19 01:00:00,525
2019-07-20 01:00:00,540
2019-07-21 01:00:00,526
2019-07-22 01:00:00,503
2019-07-23 01:00:00,471
2019-07-24 01:00:00,508
2019-07-25 01:00:00,491
2019-07-26 01:00:00,456
2019-07-27 01:00:00,515
2019-07-28 01:00:00,554
2019-07-29 01:00:00,475
2019-07-30 01:00:00,505
2019-07-31 01:00:00,544
2019-08-01 01:00:00,482
2019-08-02 01:00:00,458
2019-08-03 01:00:00,533
2019-08-04 01:00:00,540
2019-08-05 01:00:00,503
2019-08-06 01:00:00,550
2019-08-07 01:00:00,535
2019-08-08 01:00:00,521
2019-08-09 01:00:00,552
2019-08-10 01:00:00,560
2019-08-11 01:00:00,531
2019-08-12 01:00:00,536
2019-08-13 01:00:00,547
2019-08-14 01:00:00,514
2019-08-15 01:00:00,517
2019-08-16 01:00:00,534
2019-08-17 01:00:00,561
2019-08-18 01:00:00,535
2019-08-19 01:00:00,501
2019-08-20 01:00:00,535
2019-08-21 01:00:00,509
2019-08-22 01:00:00,497
2019-08-23 01:00:00,465
2019-08-24 01:00:00,487
2019-08-25 01:00:00,570
2019-08-26 01:00:00,509
2019-08-27 01:00:00,493
2019-08-28 01:00:00,494
2019-08-29 01:00:00,483
2019-08-30 01:00:00,489
2019-08-31 01:00:00,511
2019-09-01 01:00:00,472
2019-09-02 01:00:00,409
2019-09-03 01:00:00,357
2019-09-04 01:00:00,347
2019-09-05 01:00:00,340
2019-09-06 01:00:00,379
2019-09-07 01:00:00,506
2019-09-08 01:00:00,515
2019-09-09 01:00:00,340
2019-09-10 01:00:00,342
2019-09-11 01:00:00,342
2019-09-12 01:00:00,368
2019-09-13 01:00:00,408
2019-09-14 01:00:00,488
2019-09-15 01:00:00,435
2019-09-16 01:00:00,315
2019-09-17 01:00:00,320
2019-09-18 01:00:00,308
2019-09-19 01:00:00,321
2019-09-20 01:00:00,364
2019-09-21 01:00:00,472
2019-09-22 01:00:00,498
2019-09-23 01:00:00,329
2019-09-24 01:00:00,328
2019-09-25 01:00:00,335
2019-09-26 01:00:00,331
2019-09-27 01:00:00,382
2019-09-28 01:00:00,490
2019-09-29 01:00:00,492
2019-09-30 01:00:00,391
2019-10-01 01:00:00,364
2019-10-02 01:00:00,376
2019-10-03 01:00:00,325
2019-10-04 01:00:00,368
2019-10-05 01:00:00,520
2019-10-06 01:00:00,518
2019-10-07 01:00:00,321
2019-10-08 01:00:00,314
2019-10-09 01:00:00,304
2019-10-10 01:00:00,290
2019-10-11 01:00:00,362
2019-10-12 01:00:00,474
2019-10-13 01:00:00,451
2019-10-14 01:00:00,392
2019-10-15 01:00:00,309
2019-10-16 01:00:00,306
2019-10-17 01:00:00,322
2019-10-18 01:00:00,351
2019-10-19 01:00:00,431
2019-10-20 01:00:00,411
2019-10-21 01:00:00,338
2019-10-22 01:00:00,308
2019-10-23 01:00:00,356
2019-10-24 01:00:00,290
2019-10-25 01:00:00,392
2019-10-26 01:00:00,469
2019-10-27 01:00:00,437
2019-10-28 00:00:00,341
2019-10-29 00:00:00,334
2019-10-30 00:00:00,347
2019-10-31 00:00:00,460
2019-11-01 00:00:00,547
2019-11-02 00:00:00,678
2019-11-03 00:00:00,741
2019-11-04 00:00:00,547
2019-11-05 00:00:00,462
2019-11-06 00:00:00,442
2019-11-07 00:00:00,518
2019-11-08 00:00:00,539
2019-11-09 00:00:00,698
2019-11-10 00:00:00,598
2019-11-11 00:00:00,488
2019-11-12 00:00:00,451
2019-11-13 00:00:00,443
2019-11-14 00:00:00,410
2019-11-15 00:00:00,548
2019-11-16 00:00:00,651
2019-11-17 00:00:00,603
2019-11-18 00:00:00,452
2019-11-19 00:00:00,438
2019-11-20 00:00:00,407
2019-11-21 00:00:00,405
2019-11-22 00:00:00,518
2019-11-23 00:00:00,619
2019-11-24 00:00:00,633
2019-11-25 00:00:00,431
2019-11-26 00:00:00,420
2019-11-27 00:00:00,425
2019-11-28 00:00:00,419
2019-11-29 00:00:00,500
2019-11-30 00:00:00,619
2019-12-01 00:00:00,578
2019-12-02 00:00:00,386
2019-12-03 00:00:00,369
2019-12-04 00:00:00,410
2019-12-05 00:00:00,408
2019-12-06 00:00:00,510
2019-12-07 00:00:00,660
2019-12-08 00:00:00,585
2019-12-09 00:00:00,443
2019-12-10 00:00:00,413
2019-12-11 00:00:00,433
2019-12-12 00:00:00,448
2019-12-13 00:00:00,440
2019-12-14 00:00:00,547
2019-12-15 00:00:00,550
2019-12-16 00:00:00,404
2019-12-17 00:00:00,390
2019-12-18 00:00:00,390
2019-12-19 00:00:00,407
2019-12-20 00:00:00,455
2019-12-21 00:00:00,507
2019-12-22 00:00:00,462
2019-12-23 00:00:00,433
2019-12-24 00:00:00,416
2019-12-25 00:00:00,397
2019-12-26 00:00:00,457
2019-12-27 00:00:00,494
2019-12-28 00:00:00,544
2019-12-29 00:00:00,525
2019-12-30 00:00:00,509
2019-12-31 00:00:00,488
2020-01-01 00:00:00,517
2020-01-02 00:00:00,487
2020-01-03 00:00:00,527
2020-01-04 00:00:00,567
2020-01-05 00:00:00,551
2020-01-06 00:00:00,492
2020-01-07 00:00:00,491
2020-01-08 00:00:00,447
2020-01-09 00:00:00,474
2020-01-10 00:00:00,492
2020-01-11 00:00:00,580
2020-01-12 00:00:00,572
2020-01-13 00:00:00,438
2020-01-14 00:00:00,449
2020-01-15 00:00:00,405
2020-01-16 00:00:00,442
2020-01-17 00:00:00,493
2020-01-18 00:00:00,566
2020-01-19 00:00:00,627
2020-01-20 00:00:00,486
2020-01-21 00:00:00,493
2020-01-22 00:00:00,507
2020-01-23 00:00:00,507
2020-01-24 00:00:00,494
2020-01-25 00:00:00,554
2020-01-26 00:00:00,622
2020-01-27 00:00:00,490
2020-01-28 00:00:00,541
2020-01-29 00:00:00,548
2020-01-30 00:00:00,585
2020-01-31 00:00:00,584
2020-02-01 00:00:00,699
2020-02-02 00:00:00,725
2020-02-03 00:00:00,592
2020-02-04 00:00:00,581
2020-02-05 00:00:00,568
2020-02-06 00:00:00,561
2020-02-07 00:00:00,610
2020-02-08 00:00:00,684
2020-02-09 00:00:00,777
2020-02-10 00:00:00,579
2020-02-11 00:00:00,610
2020-02-12 00:00:00,514
2020-02-13 00:00:00,532
2020-02-14 00:00:00,617
2020-02-15 00:00:00,690
2020-02-16 00:00:00,691
2020-02-17 00:00:00,542
2020-02-18 00:00:00,515
2020-02-19 00:00:00,530
2020-02-20 00:00:00,577
2020-02-21 00:00:00,634
2020-02-22 00:00:00,685
2020-02-23 00:00:00,759
2020-02-24 00:00:00,605
2020-02-25 00:00:00,573
2020-02-26 00:00:00,527
2020-02-27 00:00:00,579
2020-02-28 00:00:00,612
2020-02-29 00:00:00,743
2020-03-01 00:00:00,673
2020-03-02 00:00:00,542
2020-03-03 00:00:00,539
2020-03-04 00:00:00,513
2020-03-05 00:00:00,653
2020-03-06 00:00:00,755
2020-03-07 00:00:00,837
2020-03-08 00:00:00,865
2020-03-09 00:00:00,738
2020-03-10 00:00:00,680
2020-03-11 00:00:00,679
2020-03-12 00:00:00,660
2020-03-13 00:00:00,744
2020-03-14 00:00:00,875
2020-03-15 00:00:00,858
2020-03-16 00:00:00,808
2020-03-17 00:00:00,772
2020-03-18 00:00:00,768
2020-03-19 00:00:00,805
2020-03-20 00:00:00,814
2020-03-21 00:00:00,874
2020-03-22 00:00:00,898
2020-03-23 00:00:00,864
2020-03-24 00:00:00,811
2020-03-25 00:00:00,901
2020-03-26 00:00:00,889
2020-03-27 00:00:00,944
2020-03-28 00:00:00,963
2020-03-29 00:00:00,984
2020-03-30 01:00:00,974
2020-03-31 01:00:00,872
2020-04-01 01:00:00,858
2020-04-02 01:00:00,887
2020-04-03 01:00:00,953
2020-04-04 01:00:00,1051
2020-04-05 01:00:00,935
2020-04-06 01:00:00,801
2020-04-07 01:00:00,788
2020-04-08 01:00:00,821
2020-04-09 01:00:00,854
2020-04-10 01:00:00,887
2020-04-11 01:00:00,922
2020-04-12 01:00:00,862
2020-04-13 01:00:00,837
2020-04-14 01:00:00,815
2020-04-15 01:00:00,729
2020-04-16 01:00:00,748
2020-04-17 01:00:00,771
2020-04-18 01:00:00,826
2020-04-19 01:00:00,1025
2020-04-20 01:00:00,836
2020-04-21 01:00:00,868
2020-04-22 01:00:00,790
2020-04-23 01:00:00,824
2020-04-24 01:00:00,828
2020-04-25 01:00:00,848
2020-04-26 01:00:00,817
2020-04-27 01:00:00,804
2020-04-28 01:00:00,782
2020-04-29 01:00:00,832
2020-04-30 01:00:00,813
2020-05-01 01:00:00,805
2020-05-02 01:00:00,857
2020-05-03 01:00:00,883
2020-05-04 01:00:00,740
2020-05-05 01:00:00,709
2020-05-06 01:00:00,681
2020-05-07 01:00:00,702
2020-05-08 01:00:00,706
2020-05-09 01:00:00,720
2020-05-10 01:00:00,739
2020-05-11 01:00:00,630
2020-05-12 01:00:00,721
2020-05-13 01:00:00,630
2020-05-14 01:00:00,664
2020-05-15 01:00:00,602
2020-05-16 01:00:00,682
2020-05-17 01:00:00,636
2020-05-18 01:00:00,587
2020-05-19 01:00:00,558
2020-05-20 01:00:00,528
2020-05-21 01:00:00,555
2020-05-22 01:00:00,593
2020-05-23 01:00:00,691
2020-05-24 01:00:00,618
2020-05-25 01:00:00,571
2020-05-26 01:00:00,588
2020-05-27 01:00:00,551
2020-05-28 01:00:00,592
2020-05-29 01:00:00,557
2020-05-30 01:00:00,667
2020-05-31 01:00:00,546
2020-06-01 01:00:00,561
2020-06-02 01:00:00,499
2020-06-03 01:00:00,492
2020-06-04 01:00:00,551
2020-06-05 01:00:00,598
2020-06-06 01:00:00,618
2020-06-07 01:00:00,552
2020-06-08 01:00:00,536
2020-06-09 01:00:00,488
2020-06-10 01:00:00,520
2020-06-11 01:00:00,533
2020-06-12 01:00:00,500
2020-06-13 01:00:00,542
2020-06-14 01:00:00,525
2020-06-15 01:00:00,504
2020-06-16 01:00:00,489
2020-06-17 01:00:00,481
2020-06-18 01:00:00,501
2020-06-19 01:00:00,519
2020-06-20 01:00:00,532
2020-06-21 01:00:00,506
2020-06-22 01:00:00,492
2020-06-23 01:00:00,484
2020-06-24 01:00:00,550
2020-06-25 01:00:00,605
2020-06-26 01:00:00,496
2020-06-27 01:00:00,461
2020-06-28 01:00:00,495
2020-06-29 01:00:00,483
2020-06-30 01:00:00,497
2020-07-01 01:00:00,444
2020-07-02 01:00:00,441
2020-07-03 01:00:00,439
2020-07-04 01:00:00,489
2020-07-05 01:00:00,463
2020-07-06 01:00:00,462
2020-07-07 01:00:00,459
2020-07-08 01:00:00,460
2020-07-09 01:00:00,457
2020-07-10 01:00:00,462
2020-07-11 01:00:00,489
2020-07-12 01:00:00,478
2020-07-13 01:00:00,460
2020-07-14 01:00:00,462
2020-07-15 01:00:00,497
2020-07-16 01:00:00,553
2020-07-17 01:00:00,590
2020-07-18 01:00:00,565
2020-07-19 01:00:00,648
2020-07-20 01:00:00,562
2020-07-21 01:00:00,588
2020-07-22 01:00:00,616
2020-07-23 01:00:00,602
2020-07-24 01:00:00,575
2020-07-25 01:00:00,568
2020-07-26 01:00:00,560
2020-07-27 01:00:00,551
2020-07-28 01:00:00,563
2020-07-29 01:00:00,683
2020-07-30 01:00:00,638
2020-07-31 01:00:00,638
2020-08-01 01:00:00,650
2020-08-02 01:00:00,679
2020-08-03 01:00:00,691
2020-08-04 01:00:00,676
2020-08-05 01:00:00,652
2020-08-06 01:00:00,621
2020-08-07 01:00:00,659
2020-08-08 01:00:00,635
2020-08-09 01:00:00,707
2020-08-10 01:00:00,591
2020-08-11 01:00:00,599
2020-08-12 01:00:00,611
2020-08-13 01:00:00,570
2020-08-14 01:00:00,581
2020-08-15 01:00:00,641
2020-08-16 01:00:00,686
2020-08-17 01:00:00,681
2020-08-18 01:00:00,667
2020-08-19 01:00:00,681
2020-08-20 01:00:00,612
2020-08-21 01:00:00,680
2020-08-22 01:00:00,702
2020-08-23 01:00:00,727
2020-08-24 01:00:00,650
2020-08-25 01:00:00,618
2020-08-26 01:00:00,677
2020-08-27 01:00:00,678
2020-08-28 01:00:00,630
2020-08-29 01:00:00,729
2020-08-30 01:00:00,633
2020-08-31 01:00:00,616
2020-09-01 01:00:00,538
2020-09-02 01:00:00,530
2020-09-03 01:00:00,494
2020-09-04 01:00:00,534
2020-09-05 01:00:00,658
2020-09-06 01:00:00,581
2020-09-07 01:00:00,481
2020-09-08 01:00:00,509
2020-09-09 01:00:00,515
2020-09-10 01:00:00,476
2020-09-11 01:00:00,625
2020-09-12 01:00:00,651
2020-09-13 01:00:00,571
2020-09-14 01:00:00,509
2020-09-15 01:00:00,465
2020-09-16 01:00:00,478
2020-09-17 01:00:00,499
2020-09-18 01:00:00,595
2020-09-19 01:00:00,617
2020-09-20 01:00:00,569
2020-09-21 01:00:00,491
2020-09-22 01:00:00,490
2020-09-23 01:00:00,487
2020-09-24 01:00:00,382
2020-09-25 01:00:00,441
2020-09-26 01:00:00,523
2020-09-27 01:00:00,500
2020-09-28 01:00:00,411
2020-09-29 01:00:00,451
2020-09-30 01:00:00,428
2020-10-01 01:00:00,512
2020-10-02 01:00:00,536
2020-10-03 01:00:00,652
2020-10-04 01:00:00,639
2020-10-05 01:00:00,606
2020-10-06 01:00:00,545
2020-10-07 01:00:00,548
2020-10-08 01:00:00,470
2020-10-09 01:00:00,567
2020-10-10 01:00:00,630
2020-10-11 01:00:00,613
2020-10-12 01:00:00,496
2020-10-13 01:00:00,492
2020-10-14 01:00:00,474
2020-10-15 01:00:00,474
2020-10-16 01:00:00,558
2020-10-17 01:00:00,680
2020-10-18 01:00:00,669
2020-10-19 01:00:00,568
2020-10-20 01:00:00,544
2020-10-21 01:00:00,558
2020-10-22 01:00:00,591
2020-10-23 01:00:00,622
2020-10-24 01:00:00,760
2020-10-25 01:00:00,700
2020-10-26 00:00:00,630
2020-10-27 00:00:00,537
2020-10-28 00:00:00,554
2020-10-29 00:00:00,586
2020-10-30 00:00:00,626
2020-10-31 00:00:00,674
2020-11-01 00:00:00,655
2020-11-02 00:00:00,548
2020-11-03 00:00:00,542
2020-11-04 00:00:00,536
2020-11-05 00:00:00,540
2020-11-06 00:00:00,622
2020-11-07 00:00:00,711
2020-11-08 00:00:00,627
2020-11-09 00:00:00,537
2020-11-10 00:00:00,558
2020-11-11 00:00:00,516
2020-11-12 00:00:00,542
2020-11-13 00:00:00,595
2020-11-14 00:00:00,672
2020-11-15 00:00:00,674
2020-11-16 00:00:00,524
2020-11-17 00:00:00,542
2020-11-18 00:00:00,530
2020-11-19 00:00:00,529
2020-11-20 00:00:00,640
2020-11-21 00:00:00,699
2020-11-22 00:00:00,706
2020-11-23 00:00:00,614
2020-11-24 00:00:00,556
2020-11-25 00:00:00,581
2020-11-26 00:00:00,526
2020-11-27 00:00:00,530
2020-11-28 00:00:00,615
2020-11-29 00:00:00,565
2020-11-30 00:00:00,457
2020-12-01 00:00:00,448
2020-12-02 00:00:00,498
2020-12-03 00:00:00,519
2020-12-04 00:00:00,620
2020-12-05 00:00:00,689
2020-12-06 00:00:00,614
2020-12-07 00:00:00,540
2020-12-08 00:00:00,545
2020-12-09 00:00:00,540
2020-12-10 00:00:00,529
2020-12-11 00:00:00,596
2020-12-12 00:00:00,685
2020-12-13 00:00:00,607
2020-12-14 00:00:00,499
2020-12-15 00:00:00,521
2020-12-16 00:00:00,528
2020-12-17 00:00:00,515
2020-12-18 00:00:00,629
2020-12-19 00:00:00,737
2020-12-20 00:00:00,674
2020-12-21 00:00:00,572
2020-12-22 00:00:00,630
2020-12-23 00:00:00,544
2020-12-24 00:00:00,530
2020-12-25 00:00:00,552
2020-12-26 00:00:00,616
2020-12-27 00:00:00,643
2020-12-28 00:00:00,546
2020-12-29 00:00:00,531
2020-12-30 00:00:00,556
2020-12-31 00:00:00,544
2021-01-01 00:00:00,623
2021-01-02 00:00:00,653
2021-01-03 00:00:00,615
2021-01-04 00:00:00,540
2021-01-05 00:00:00,524
2021-01-06 00:00:00,551
2021-01-07 00:00:00,598
2021-01-08 00:00:00,671
2021-01-09 00:00:00,757
2021-01-10 00:00:00,813
2021-01-11 00:00:00,759
2021-01-12 00:00:00,667
2021-01-13 00:00:00,705
2021-01-14 00:00:00,711
2021-01-15 00:00:00,749
2021-01-16 00:00:00,920
2021-01-17 00:00:00,826
2021-01-18 00:00:00,773
2021-01-19 00:00:00,741
2021-01-20 00:00:00,771
2021-01-21 00:00:00,754
2021-01-22 00:00:00,830
2021-01-23 00:00:00,981
2021-01-24 00:00:00,1005
